PlayerName,Club,DistanceCovered(InKms),Goals,MinutestoGoalRatio,ShotsPerGame,AgentCharges,BMI,Cost,PreviousClubCost,Height,Weight,Score,LastName,FirstName,FullName,PlayerID
"Braund, Mr. Owen Harris",MUN,3.96,7.5,37.5,12.3,60,20.56,109.1,63.32,195.9,78.9,19.75,Braund,Mr. Owen Harris,Mr. Owen Harris Braund,Mr. Owen Harris Braund (MUN)
"Allen, Mr. William Henry",MUN,4.41,8.3,38.2,12.7,68,20.67,102.8,58.55,189.7,74.4,21.3,Allen,Mr. William Henry,Mr. William Henry Allen,Mr. William Henry Allen (MUN)
"Moran, Mr. James",MUN,4.14,5.0,36.4,11.6,21,21.86,104.6,55.36,177.8,69.1,19.88,Moran,Mr. James,Mr. James Moran,Mr. James Moran (MUN)
"McCarthy, Mr. Timothy J",MUN,4.11,5.3,37.3,12.6,69,21.88,126.4,57.18,185.0,74.9,23.66,McCarthy,Mr. Timothy J,Mr. Timothy J McCarthy,Mr. Timothy J McCarthy (MUN)
"Palsson, Master. Gosta Leonard",MUN,4.45,6.8,41.5,14.0,29,18.96,80.3,53.2,184.6,64.6,17.64,Palsson,Master. Gosta Leonard,Master. Gosta Leonard Palsson,Master. Gosta Leonard Palsson (MUN)
"Saundercock, Mr. William Henry",MUN,4.1,4.4,37.4,12.5,42,21.04,75.2,53.77,174.0,63.7,15.58,Saundercock,Mr. William Henry,Mr. William Henry Saundercock,Mr. William Henry Saundercock (MUN)
"Andersson, Mr. Anders Johan",MUN,4.31,5.3,39.6,12.8,73,21.69,87.2,60.17,186.2,75.2,19.99,Andersson,Mr. Anders Johan,Mr. Anders Johan Andersson,Mr. Anders Johan Andersson (MUN)
"Rice, Master. Eugene",MUN,4.42,5.7,39.9,13.2,44,20.62,97.9,48.33,173.8,62.3,22.43,Rice,Master. Eugene,Master. Eugene Rice,Master. Eugene Rice (MUN)
"Williams, Mr. Charles Eugene",MUN,4.3,8.9,41.1,13.5,41,22.64,75.1,54.57,171.4,66.5,17.95,Williams,Mr. Charles Eugene,Mr. Charles Eugene Williams,Mr. Charles Eugene Williams (MUN)
"Fynney, Mr. Joseph J",MUN,4.51,4.4,41.6,12.7,44,19.44,65.1,53.42,179.9,62.9,15.07,Fynney,Mr. Joseph J,Mr. Joseph J Fynney,Mr. Joseph J Fynney (MUN)
"Beesley, Mr. Lawrence",MUN,4.71,5.3,41.4,14.0,38,25.75,160.10000000000002,68.53,193.4,96.3,28.83,Beesley,Mr. Lawrence,Mr. Lawrence Beesley,Mr. Lawrence Beesley (MUN)
"Sloper, Mr. William Thompson",MUN,4.62,7.3,43.8,14.7,26,21.2,76.8,61.85,188.7,75.5,18.08,Sloper,Mr. William Thompson,Mr. William Thompson Sloper,Mr. William Thompson Sloper (MUN)
"Emir, Mr. Farred Chehab",MUN,4.35,7.8,41.4,14.1,30,22.03,117.8,48.32,169.1,63.0,23.3,Emir,Mr. Farred Chehab,Mr. Farred Chehab Emir,Mr. Farred Chehab Emir (MUN)
"Fortune, Mr. Charles Alexander",MUN,4.26,6.2,41.0,13.9,48,25.44,90.2,66.24,177.9,80.5,17.71,Fortune,Mr. Charles Alexander,Mr. Charles Alexander Fortune,Mr. Charles Alexander Fortune (MUN)
"Todoroff, Mr. Lalio",MUN,4.63,6.0,43.7,14.7,30,22.63,97.2,57.92,177.5,71.3,18.77,Todoroff,Mr. Lalio,Mr. Lalio Todoroff,Mr. Lalio Todoroff (MUN)
"Uruchurtu, Don. Manuel E",MUN,4.36,5.8,40.3,13.3,29,21.86,99.9,56.52,179.6,70.5,19.83,Uruchurtu,Don. Manuel E,Don. Manuel E Uruchurtu,Don. Manuel E Uruchurtu (MUN)
"Wheadon, Mr. Edward H",MUN,3.91,7.3,37.6,12.9,43,22.27,125.9,54.78,181.3,73.2,25.16,Wheadon,Mr. Edward H,Mr. Edward H Wheadon,Mr. Edward H Wheadon (MUN)
"Meyer, Mr. Edgar Joseph",MUN,4.51,8.3,43.7,14.7,34,21.27,69.9,56.31,179.7,68.7,18.04,Meyer,Mr. Edgar Joseph,Mr. Edgar Joseph Meyer,Mr. Edgar Joseph Meyer (MUN)
"Holverson, Mr. Alexander Oskar",MUN,4.37,8.1,41.8,14.3,53,23.47,98.0,62.96,185.2,80.5,21.79,Holverson,Mr. Alexander Oskar,Mr. Alexander Oskar Holverson,Mr. Alexander Oskar Holverson (MUN)
"Mamee, Mr. Hanna",MUN,4.9,6.9,44.0,14.5,59,23.19,96.8,56.68,177.3,72.9,22.25,Mamee,Mr. Hanna,Mr. Hanna Mamee,Mr. Hanna Mamee (MUN)
"Cann, Mr. Ernest Charles",MUN,4.46,5.7,39.2,13.0,43,23.17,80.3,62.39,179.3,74.5,16.25,Cann,Mr. Ernest Charles,Mr. Ernest Charles Cann,Mr. Ernest Charles Cann (MUN)
"Kraeff, Mr. Theodor",MUN,3.95,3.3,36.9,12.5,40,24.54,74.9,63.05,175.3,75.4,16.38,Kraeff,Mr. Theodor,Mr. Theodor Kraeff,Mr. Theodor Kraeff (MUN)
"Rogers, Mr. William John",MUN,4.46,9.5,41.5,14.5,92,22.96,83.0,56.05,174.0,69.5,19.35,Rogers,Mr. William John,Mr. William John Rogers,Mr. William John Rogers (MUN)
"Lennon, Mr. Denis",MUN,5.02,6.4,44.8,15.2,48,19.76,91.0,53.65,183.3,66.4,19.2,Lennon,Mr. Denis,Mr. Denis Lennon,Mr. Denis Lennon (MUN)
"Samaan, Mr. Youssef",MUN,4.26,5.8,41.2,14.1,77,23.36,76.2,65.45,184.7,79.7,17.89,Samaan,Mr. Youssef,Mr. Youssef Samaan,Mr. Youssef Samaan (MUN)
"Panula, Master. Juha Niilo",MUN,4.46,5.6,41.1,14.3,71,22.67,52.6,64.62,180.2,73.6,12.2,Panula,Master. Juha Niilo,Master. Juha Niilo Panula,Master. Juha Niilo Panula (MUN)
"Nosworthy, Mr. Richard Cater",MUN,4.16,5.8,39.8,13.3,37,24.24,111.1,60.05,180.2,78.7,23.7,Nosworthy,Mr. Richard Cater,Mr. Richard Cater Nosworthy,Mr. Richard Cater Nosworthy (MUN)
"Ostby, Mr. Engelhart Cornelius",MUN,4.49,7.6,41.8,14.4,71,24.21,110.7,56.48,176.0,75.0,24.69,Ostby,Mr. Engelhart Cornelius,Mr. Engelhart Cornelius Ostby,Mr. Engelhart Cornelius Ostby (MUN)
"Woolner, Mr. Hugh",MUN,4.21,7.5,38.4,13.2,73,20.46,74.7,41.54,156.0,49.8,16.58,Woolner,Mr. Hugh,Mr. Hugh Woolner,Mr. Hugh Woolner (MUN)
"Novel, Mr. Mansouer",MUN,4.57,6.6,42.8,14.5,85,20.81,113.5,52.78,179.7,67.2,21.47,Novel,Mr. Mansouer,Mr. Mansouer Novel,Mr. Mansouer Novel (MUN)
"Goodwin, Master. William Frederick",MUN,4.87,6.4,44.8,15.0,64,20.17,99.8,52.72,180.9,66.0,20.12,Goodwin,Master. William Frederick,Master. William Frederick Goodwin,Master. William Frederick Goodwin (MUN)
"Sirayanian, Mr. Orsen",MUN,4.44,10.1,42.7,14.0,19,23.06,80.3,61.29,179.5,74.3,17.51,Sirayanian,Mr. Orsen,Mr. Orsen Sirayanian,Mr. Orsen Sirayanian (MUN)
"Harris, Mr. Henry Birkhardt",MUN,4.45,6.6,42.6,14.1,39,24.4,109.5,59.59,178.9,78.1,23.7,Harris,Mr. Henry Birkhardt,Mr. Henry Birkhardt Harris,Mr. Henry Birkhardt Harris (MUN)
"Skoog, Master. Harald",MUN,4.41,5.9,41.1,13.5,41,23.97,123.6,61.7,182.1,79.5,22.39,Skoog,Master. Harald,Master. Harald Skoog,Master. Harald Skoog (MUN)
"Stewart, Mr. Albert A",MUN,4.87,7.3,44.1,14.8,13,22.62,91.2,62.46,186.3,78.5,20.43,Stewart,Mr. Albert A,Mr. Albert A Stewart,Mr. Albert A Stewart (MUN)
"Moubarek, Master. Gerios",MUN,4.56,13.3,42.2,13.6,20,19.16,49.0,53.14,176.8,59.9,11.29,Moubarek,Master. Gerios,Master. Gerios Moubarek,Master. Gerios Moubarek (MUN)
"Crease, Mr. Ernest James",MUN,4.15,6.0,38.0,12.7,59,21.15,110.2,47.09,172.6,63.0,25.26,Crease,Mr. Ernest James,Mr. Ernest James Crease,Mr. Ernest James Crease (MUN)
"Kink, Mr. Vincenz",MUN,4.16,7.6,37.5,12.3,22,21.4,89.0,53.44,176.0,66.3,19.39,Kink,Mr. Vincenz,Mr. Vincenz Kink,Mr. Vincenz Kink (MUN)
"Jenkin, Mr. Stephen Curnow",MUN,4.32,6.4,37.7,12.3,30,21.03,98.3,48.78,169.9,60.7,19.63,Jenkin,Mr. Stephen Curnow,Mr. Stephen Curnow Jenkin,Mr. Stephen Curnow Jenkin (MUN)
"Hood, Mr. Ambrose Jr",MUN,4.06,5.8,38.7,12.8,78,21.77,122.1,56.05,183.0,72.9,23.11,Hood,Mr. Ambrose Jr,Mr. Ambrose Jr Hood,Mr. Ambrose Jr Hood (MUN)
"Chronopoulos, Mr. Apostolos",MUN,4.12,6.1,36.6,11.8,21,21.38,90.4,56.45,178.2,67.9,16.86,Chronopoulos,Mr. Apostolos,Mr. Apostolos Chronopoulos,Mr. Apostolos Chronopoulos (MUN)
"Bing, Mr. Lee",MUN,4.17,5.0,37.4,12.7,109,21.47,106.9,53.11,177.3,67.5,21.32,Bing,Mr. Lee,Mr. Lee Bing,Mr. Lee Bing (MUN)
"Moen, Mr. Sigurd Hansen",MUN,3.8,6.6,36.5,12.4,102,24.45,156.6,54.41,174.1,74.1,26.57,Moen,Mr. Sigurd Hansen,Mr. Sigurd Hansen Moen,Mr. Sigurd Hansen Moen (MUN)
"Staneff, Mr. Ivan",MUN,3.96,5.5,36.3,12.4,71,22.63,101.1,55.97,173.6,68.2,17.93,Staneff,Mr. Ivan,Mr. Ivan Staneff,Mr. Ivan Staneff (MUN)
"Moutal, Mr. Rahamin Haim",MUN,4.44,9.7,41.4,14.1,64,22.8,126.4,51.62,173.7,68.8,24.97,Moutal,Mr. Rahamin Haim,Mr. Rahamin Haim Moutal,Mr. Rahamin Haim Moutal (MUN)
"Caldwell, Master. Alden Gates",MUN,4.27,10.6,37.7,12.5,68,23.58,114.0,58.27,178.7,75.3,22.62,Caldwell,Master. Alden Gates,Master. Alden Gates Caldwell,Master. Alden Gates Caldwell (MUN)
"Waelens, Mr. Achille",MUN,3.9,6.3,35.9,12.1,78,20.06,70.0,57.28,183.3,67.4,15.01,Waelens,Mr. Achille,Mr. Achille Waelens,Mr. Achille Waelens (MUN)
"Sheerlinck, Mr. Jan Baptist",MUN,4.02,9.1,37.7,12.7,107,23.01,77.0,57.3,174.4,70.0,18.14,Sheerlinck,Mr. Jan Baptist,Mr. Jan Baptist Sheerlinck,Mr. Jan Baptist Sheerlinck (MUN)
"Carrau, Mr. Francisco M",MUN,4.39,9.6,38.3,12.5,39,24.64,148.9,54.18,173.3,74.0,26.78,Carrau,Mr. Francisco M,Mr. Francisco M Carrau,Mr. Francisco M Carrau (MUN)
"Ford, Mr. William Neal",MUN,4.52,5.1,38.8,13.1,58,18.26,80.1,42.96,168.6,51.9,17.22,Ford,Mr. William Neal,Mr. William Neal Ford,Mr. William Neal Ford (MUN)
"Slocovski, Mr. Selman Francis",MUN,4.25,10.7,39.5,13.2,127,24.47,156.6,54.46,174.0,74.1,26.5,Slocovski,Mr. Selman Francis,Mr. Selman Francis Slocovski,Mr. Selman Francis Slocovski (MUN)
"Celotti, Mr. Francesco",MUN,4.46,10.9,39.7,13.7,102,23.99,115.9,57.2,176.0,74.3,23.01,Celotti,Mr. Francesco,Mr. Francesco Celotti,Mr. Francesco Celotti (MUN)
"Christmann, Mr. Emil",MUN,4.4,9.3,40.4,13.6,86,26.24,160.10000000000002,54.38,172.2,77.8,30.1,Christmann,Mr. Emil,Mr. Emil Christmann,Mr. Emil Christmann (MUN)
"Andreasson, Mr. Paul Edvin",MUN,4.83,8.4,41.8,13.4,40,20.04,71.6,57.58,182.7,66.9,13.93,Andreasson,Mr. Paul Edvin,Mr. Paul Edvin Andreasson,Mr. Paul Edvin Andreasson (MUN)
"Chaffee, Mr. Herbert Fuller",MUN,4.23,6.9,38.3,12.6,50,25.72,143.5,61.46,180.5,83.8,26.65,Chaffee,Mr. Herbert Fuller,Mr. Herbert Fuller Chaffee,Mr. Herbert Fuller Chaffee (MUN)
"Dean, Mr. Bertram Frank",MUN,4.24,8.4,37.6,12.5,58,25.64,160.10000000000002,53.46,179.8,82.9,35.52,Dean,Mr. Bertram Frank,Mr. Bertram Frank Dean,Mr. Bertram Frank Dean (MUN)
"Coxon, Mr. Daniel",MUN,3.95,6.6,38.4,12.8,33,19.87,68.9,54.11,179.6,64.1,15.59,Coxon,Mr. Daniel,Mr. Daniel Coxon,Mr. Daniel Coxon (MUN)
"Shorney, Mr. Charles Joseph",MUN,4.03,8.5,37.7,13.0,51,23.35,103.6,55.35,171.7,68.85,19.61,Shorney,Mr. Charles Joseph,Mr. Charles Joseph Shorney,Mr. Charles Joseph Shorney (MUN)
"Goldschmidt, Mr. George B",MUN,4.36,5.5,41.4,13.8,82,22.42,71.3,55.39,170.0,64.8,14.52,Goldschmidt,Mr. George B,Mr. George B Goldschmidt,Mr. George B Goldschmidt (MUN)
"Greenfield, Mr. William Bertram",CHE,4.07,5.9,39.5,13.3,25,20.42,54.6,52.23,170.0,59.0,11.47,Greenfield,Mr. William Bertram,Mr. William Bertram Greenfield,Mr. William Bertram Greenfield (CHE)
"Kantor, Mr. Sinai",CHE,4.17,4.9,38.9,12.9,86,22.13,88.2,59.33,180.5,72.1,17.71,Kantor,Mr. Sinai,Mr. Sinai Kantor,Mr. Sinai Kantor (CHE)
"Petroff, Mr. Pastcho (""Pentcho"")",CHE,4.23,8.1,38.2,12.7,22,25.17,95.4,61.63,173.3,75.6,18.48,Petroff,Mr. Pastcho Pentcho,Mr. Pastcho Pentcho Petroff,Mr. Pastcho Pentcho Petroff (CHE)
"White, Mr. Richard Frasar",CHE,4.46,8.3,42.2,14.4,30,23.72,47.5,63.39,173.5,71.4,11.22,White,Mr. Richard Frasar,Mr. Richard Frasar White,Mr. Richard Frasar White (CHE)
"Johansson, Mr. Gustaf Joel",CHE,4.38,5.8,42.0,14.0,27,21.28,55.6,60.22,181.0,69.7,13.61,Johansson,Mr. Gustaf Joel,Mr. Gustaf Joel Johansson,Mr. Gustaf Joel Johansson (CHE)
"Gustafsson, Mr. Anders Vilhelm",CHE,4.31,5.3,41.1,13.9,60,20.87,62.9,55.73,175.0,63.9,12.78,Gustafsson,Mr. Anders Vilhelm,Mr. Anders Vilhelm Gustafsson,Mr. Anders Vilhelm Gustafsson (CHE)
"Mionoff, Mr. Stoytcho",CHE,4.51,5.1,40.9,14.0,115,19.0,52.5,48.57,170.3,55.1,11.85,Mionoff,Mr. Stoytcho,Mr. Stoytcho Mionoff,Mr. Stoytcho Mionoff (CHE)
"Moss, Mr. Albert Johan",CHE,4.13,7.0,39.7,13.1,124,22.04,62.6,51.99,165.0,60.0,13.35,Moss,Mr. Albert Johan,Mr. Albert Johan Moss,Mr. Albert Johan Moss (CHE)
"Rekic, Mr. Tido",CHE,4.48,9.5,36.5,13.3,54,20.12,49.9,51.17,169.8,58.0,11.77,Rekic,Mr. Tido,Mr. Tido Rekic,Mr. Tido Rekic (CHE)
"Porter, Mr. Walter Chamberlain",CHE,5.31,9.5,47.1,15.9,29,21.35,57.9,57.54,174.1,64.7,11.07,Porter,Mr. Walter Chamberlain,Mr. Walter Chamberlain Porter,Mr. Walter Chamberlain Porter (CHE)
"Barton, Mr. David John",CHE,4.58,5.8,42.1,14.7,164,28.57,109.6,68.86,175.0,87.5,21.3,Barton,Mr. David John,Mr. David John Barton,Mr. David John Barton (CHE)
"Pekoniemi, Mr. Edvard",CHE,4.81,6.8,42.7,15.3,50,26.95,98.5,63.04,171.1,78.9,20.1,Pekoniemi,Mr. Edvard,Mr. Edvard Pekoniemi,Mr. Edvard Pekoniemi (CHE)
"Connors, Mr. Patrick",CHE,4.51,9.0,39.7,14.3,36,28.13,136.3,63.03,172.7,83.9,24.88,Connors,Mr. Patrick,Mr. Patrick Connors,Mr. Patrick Connors (CHE)
"Turpin, Mr. William John Robert",CHE,4.77,7.1,40.6,14.6,40,26.85,103.6,66.85,175.6,82.8,19.26,Turpin,Mr. William John Robert,Mr. William John Robert Turpin,Mr. William John Robert Turpin (CHE)
"Baxter, Mr. Quigg Edmond",CHE,5.33,9.3,47.0,15.0,62,25.27,102.8,59.89,171.6,74.4,19.51,Baxter,Mr. Quigg Edmond,Mr. Quigg Edmond Baxter,Mr. Quigg Edmond Baxter (CHE)
"Hickman, Mr. Stanley George",CHE,4.75,7.5,43.8,15.2,90,29.53875,131.9,72.98,172.3,94.8,23.01,Hickman,Mr. Stanley George,Mr. Stanley George Hickman,Mr. Stanley George Hickman (CHE)
"Moore, Mr. Leonard Charles",CHE,4.11,7.3,38.7,12.4,12,16.75,33.8,45.23,171.4,49.2,8.07,Moore,Mr. Leonard Charles,Mr. Leonard Charles Moore,Mr. Leonard Charles Moore (CHE)
"Nasser, Mr. Nicholas",CHE,4.76,7.6,42.9,13.4,36,19.54,43.5,55.06,178.0,61.9,11.05,Nasser,Mr. Nicholas,Mr. Nicholas Nasser,Mr. Nicholas Nasser (CHE)
"White, Mr. Percival Wayland",CHE,4.27,6.9,44.1,14.7,45,20.42,46.2,46.96,162.0,53.6,12.39,White,Mr. Percival Wayland,Mr. Percival Wayland White,Mr. Percival Wayland White (CHE)
"Nicola-Yarred, Master. Elias",CHE,4.44,6.1,42.6,13.9,43,22.76,73.9,53.54,167.3,63.7,15.95,Nicola-Yarred,Master. Elias,Master. Elias Nicola-Yarred,Master. Elias Nicola-Yarred (CHE)
"McMahon, Mr. Martin",CHE,4.2,6.5,39.1,13.0,51,20.12,36.8,47.57,162.0,52.8,9.91,McMahon,Mr. Martin,Mr. Martin McMahon,Mr. Martin McMahon (CHE)
"Madsen, Mr. Fridtjof Arne",CHE,4.71,6.9,43.5,13.8,22,22.35,67.0,54.63,170.8,65.2,16.2,Madsen,Mr. Fridtjof Arne,Mr. Fridtjof Arne Madsen,Mr. Fridtjof Arne Madsen (CHE)
"Ekstrom, Mr. Johan",CHE,4.09,6.4,40.1,13.2,44,19.16,41.1,46.31,163.0,50.9,9.02,Ekstrom,Mr. Johan,Mr. Johan Ekstrom,Mr. Johan Ekstrom (CHE)
"Drazenoic, Mr. Jozef",CHE,4.24,6.6,38.2,12.6,26,20.77,59.4,49.13,166.1,57.3,14.26,Drazenoic,Mr. Jozef,Mr. Jozef Drazenoic,Mr. Jozef Drazenoic (CHE)
"Coelho, Mr. Domingos Fernandeo",CHE,3.9,6.0,38.9,13.5,16,19.37,48.4,53.71,176.0,60.0,10.48,Coelho,Mr. Domingos Fernandeo,Mr. Domingos Fernandeo Coelho,Mr. Domingos Fernandeo Coelho (CHE)
"Sobey, Mr. Samuel James Hayden",CHE,4.82,7.6,43.2,14.4,58,22.37,50.0,53.11,163.9,60.1,11.64,Sobey,Mr. Samuel James Hayden,Mr. Samuel James Hayden Sobey,Mr. Samuel James Hayden Sobey (CHE)
"Richard, Mr. Emile",CHE,4.32,6.8,40.6,13.7,46,17.54,54.6,46.12,173.0,52.5,12.16,Richard,Mr. Emile,Mr. Emile Richard,Mr. Emile Richard (CHE)
"Futrelle, Mr. Jacques Heath",CHE,4.77,7.2,43.3,14.8,43,19.06,42.3,53.41,177.0,59.7,10.53,Futrelle,Mr. Jacques Heath,Mr. Jacques Heath Futrelle,Mr. Jacques Heath Futrelle (CHE)
"Osen, Mr. Olaf Elon",CHE,5.16,8.2,45.3,14.7,34,20.3,46.1,51.48,168.0,57.3,10.15,Osen,Mr. Olaf Elon,Mr. Olaf Elon Osen,Mr. Olaf Elon Osen (CHE)
"Giglio, Mr. Victor",CHE,4.97,7.8,44.7,14.2,41,20.15,46.3,53.2,172.0,59.6,10.74,Giglio,Mr. Victor,Mr. Victor Giglio,Mr. Victor Giglio (CHE)
"Burke, Mr. Jeremiah",CHE,4.0,4.2,36.6,12.0,57,25.36,109.0,56.58,167.9,71.5,20.86,Burke,Mr. Jeremiah,Mr. Jeremiah Burke,Mr. Jeremiah Burke (CHE)
"Andrew, Mr. Edgardo Samuel",CHE,4.4,4.0,40.8,13.9,73,22.12,98.1,56.01,177.5,69.7,19.64,Andrew,Mr. Edgardo Samuel,Mr. Edgardo Samuel Andrew,Mr. Edgardo Samuel Andrew (CHE)
"Nicholls, Mr. Joseph Charles",CHE,4.38,7.9,39.8,13.5,88,21.25,80.6,46.52,162.5,56.1,17.07,Nicholls,Mr. Joseph Charles,Mr. Joseph Charles Nicholls,Mr. Joseph Charles Nicholls (CHE)
"Andersson, Mr. August Edvard (""Wennerstrom"")",CHE,4.08,6.6,37.8,12.1,182,20.53,68.3,51.75,172.5,61.1,15.31,Andersson,Mr. August Edvard Wennerstrom,Mr. August Edvard Wennerstrom Andersson,Mr. August Edvard Wennerstrom Andersson (CHE)
"Navratil, Mr. Michel (""Louis M Hoffman"")",CHE,4.98,6.4,44.8,14.8,80,17.06,47.6,42.15,166.7,47.4,11.07,Navratil,Mr. Michel Louis M Hoffman,Mr. Michel Louis M Hoffman Navratil,Mr. Michel Louis M Hoffman Navratil (CHE)
"Byles, Rev. Thomas Roussel Davids",CHE,5.16,7.2,44.3,14.5,88,18.29,61.9,48.76,175.0,56.0,12.92,Byles,Rev. Thomas Roussel Davids,Rev. Thomas Roussel Davids Byles,Rev. Thomas Roussel Davids Byles (CHE)
"Bateman, Rev. Robert James",CHE,4.66,6.4,40.9,13.9,109,18.37,38.2,41.93,157.9,45.8,8.45,Bateman,Rev. Robert James,Rev. Robert James Bateman,Rev. Robert James Bateman (CHE)
"Meo, Mr. Alfonzo",CHE,4.19,9.0,39.0,13.4,69,18.93,43.5,42.95,158.9,47.8,10.16,Meo,Mr. Alfonzo,Mr. Alfonzo Meo,Mr. Alfonzo Meo (CHE)
"van Billiard, Mr. Austin Blyler",CHE,4.53,5.0,40.7,14.0,41,17.79,56.8,38.3,156.9,43.8,12.55,van Billiard,Mr. Austin Blyler,Mr. Austin Blyler van Billiard,Mr. Austin Blyler van Billiard (CHE)
"Olsen, Mr. Ole Martin",CHE,4.09,4.9,36.0,12.5,66,17.05,41.6,34.36,148.9,37.8,9.1,Olsen,Mr. Ole Martin,Mr. Ole Martin Olsen,Mr. Ole Martin Olsen (CHE)
"Williams, Mr. Charles Duane",CHE,4.42,6.4,42.8,14.5,63,20.31,58.9,39.03,149.0,45.1,13.46,Williams,Mr. Charles Duane,Mr. Charles Duane Williams,Mr. Charles Duane Williams (CHE)
"Corn, Mr. Harry",CHE,5.13,7.1,46.8,15.9,34,22.46,44.5,61.0,172.7,67.0,8.47,Corn,Mr. Harry,Mr. Harry Corn,Mr. Harry Corn (CHE)
"Smiljanic, Mr. Mile",CHE,4.83,7.6,45.2,15.2,97,23.88,41.8,69.0,176.5,74.4,7.68,Smiljanic,Mr. Mile,Mr. Mile Smiljanic,Mr. Mile Smiljanic (CHE)
"Sage, Master. Thomas Henry",CHE,5.09,4.7,46.6,15.9,55,23.68,33.7,74.0,183.0,79.3,6.16,Sage,Master. Thomas Henry,Master. Thomas Henry Sage,Master. Thomas Henry Sage (CHE)
"Cribb, Mr. John Hatfield",CHE,5.17,4.1,44.9,15.0,76,23.15,50.9,80.0,194.4,87.5,8.56,Cribb,Mr. John Hatfield,Mr. John Hatfield Cribb,Mr. John Hatfield Cribb (CHE)
"Bengtsson, Mr. John Viktor",CHE,5.11,6.7,46.1,15.6,93,22.32,40.5,78.0,193.4,83.5,6.86,Bengtsson,Mr. John Viktor,Mr. John Viktor Bengtsson,Mr. John Viktor Bengtsson (CHE)
"Calic, Mr. Jovo",CHE,5.03,7.1,45.1,15.2,46,24.02,51.2,71.0,180.2,78.0,9.4,Calic,Mr. Jovo,Mr. Jovo Calic,Mr. Jovo Calic (CHE)
"Panula, Master. Eino Viljami",CHE,5.32,6.0,47.5,16.3,155,23.29,54.4,71.0,183.0,78.0,9.17,Panula,Master. Eino Viljami,Master. Eino Viljami Panula,Master. Eino Viljami Panula (CHE)
"Goldsmith, Master. Frank John William ""Frankie""",CHE,4.75,8.6,45.5,15.2,99,25.11,52.3,78.0,184.0,85.0,8.54,Goldsmith,Master. Frank John William Frankie,Master. Frank John William Frankie Goldsmith,Master. Frank John William Frankie Goldsmith (CHE)
"Baumann, Mr. John D",CHE,5.34,6.6,48.6,16.5,35,22.81,57.0,77.0,192.7,84.7,9.2,Baumann,Mr. John D,Mr. John D Baumann,Mr. John D Baumann (CHE)
"Ling, Mr. Lee",CHE,4.87,4.8,44.9,15.4,124,26.25,65.3,81.0,187.2,92.0,11.72,Ling,Mr. Lee,Mr. Lee Ling,Mr. Lee Ling (CHE)
"Van der hoef, Mr. Wyckoff",CHE,5.33,5.2,47.8,16.1,176,21.38,52.0,66.0,183.9,72.3,8.44,Van der hoef,Mr. Wyckoff,Mr. Wyckoff Van der hoef,Mr. Wyckoff Van der hoef (CHE)
"Rice, Master. Arthur",CHE,4.81,6.2,45.2,15.3,107,22.52,42.7,77.0,192.0,83.0,7.19,Rice,Master. Arthur,Master. Arthur Rice,Master. Arthur Rice (CHE)
"Sivola, Mr. Antti Wilhelm",CHE,4.32,4.3,41.6,14.0,177,26.73,35.2,91.0,190.4,96.9,6.46,Sivola,Mr. Antti Wilhelm,Mr. Antti Wilhelm Sivola,Mr. Antti Wilhelm Sivola (CHE)
"Smith, Mr. James Clinch",CHE,4.87,8.2,43.8,15.0,130,23.57,49.2,78.0,190.7,85.7,9.0,Smith,Mr. James Clinch,Mr. James Clinch Smith,Mr. James Clinch Smith (CHE)
"Klasen, Mr. Klas Albin",CHE,5.04,7.1,44.0,14.8,64,25.84,61.8,75.0,181.8,85.4,12.61,Klasen,Mr. Klas Albin,Mr. Klas Albin Klasen,Mr. Klas Albin Klasen (CHE)
"Lefebre, Master. Henry Forbes",CHE,4.4,5.3,42.5,14.5,109,24.06,46.5,78.0,188.3,85.3,9.03,Lefebre,Master. Henry Forbes,Master. Henry Forbes Lefebre,Master. Henry Forbes Lefebre (CHE)
"Hale, Mr. Reginald",CHE,4.95,5.9,45.4,15.5,125,23.85,34.8,87.0,198.0,93.5,6.96,Hale,Mr. Reginald,Mr. Reginald Hale,Mr. Reginald Hale (CHE)
"Leonard, Mr. Lionel",CHE,4.78,9.3,43.0,14.7,150,25.09,60.2,78.0,186.0,86.8,10.05,Leonard,Mr. Lionel,Mr. Lionel Leonard,Mr. Lionel Leonard (CHE)
"Pernot, Mr. Rene",CHE,5.21,6.8,44.5,15.4,115,23.84,48.1,79.0,192.0,87.9,9.56,Pernot,Mr. Rene,Mr. Rene Pernot,Mr. Rene Pernot (CHE)
"Asplund, Master. Clarence Gustaf Hugo",CHE,5.22,8.4,47.5,16.2,89,25.31,44.5,79.0,185.6,87.2,9.36,Asplund,Master. Clarence Gustaf Hugo,Master. Clarence Gustaf Hugo Asplund,Master. Clarence Gustaf Hugo Asplund (CHE)
"Becker, Master. Richard F",CHE,5.18,6.5,45.4,14.9,93,19.69,54.0,48.0,165.3,53.8,10.81,Becker,Master. Richard F,Master. Richard F Becker,Master. Richard F Becker (CHE)
"Rood, Mr. Hugh Roscoe",CHE,5.4,6.8,49.5,17.3,183,26.07,44.7,82.0,185.6,89.8,8.61,Rood,Mr. Hugh Roscoe,Mr. Hugh Roscoe Rood,Mr. Hugh Roscoe Rood (CHE)
"Romaine, Mr. Charles Hallace (""Mr C Rolmane"")",CHE,4.92,5.4,46.2,15.8,84,25.5,64.9,82.0,189.0,91.1,9.53,Romaine,Mr. Charles Hallace Mr C Rolmane,Mr. Charles Hallace Mr C Rolmane Romaine,Mr. Charles Hallace Mr C Rolmane Romaine (CHE)
"Bourke, Mr. John",CHE,5.24,7.5,46.5,15.5,70,23.69,43.8,82.0,193.4,88.6,7.42,Bourke,Mr. John,Mr. John Bourke,Mr. John Bourke (CHE)
"Turcin, Mr. Stjepan",CHE,5.09,10.1,44.9,14.8,118,26.79,58.3,83.0,185.6,92.3,9.79,Turcin,Mr. Stjepan,Mr. Stjepan Turcin,Mr. Stjepan Turcin (CHE)
"Carbines, Mr. William",CHE,4.83,5.0,43.8,15.1,61,25.61,52.8,88.0,194.6,97.0,8.97,Carbines,Mr. William,Mr. William Carbines,Mr. William Carbines (CHE)
"Navratil, Master. Michel M",CHE,5.22,6.0,46.6,15.7,72,25.06,43.1,83.0,189.0,89.5,7.49,Navratil,Master. Michel M,Master. Michel M Navratil,Master. Michel M Navratil (CHE)
"Mernagh, Mr. Robert",CHE,4.71,8.0,45.5,15.6,91,24.93,78.0,78.0,188.1,88.2,11.95,Mernagh,Mr. Robert,Mr. Robert Mernagh,Mr. Robert Mernagh (CHE)
"Olsen, Mr. Karl Siegwart Andreas",CHE,5.24,7.2,46.6,15.9,58,22.96,40.8,85.0,200.4,92.2,7.35,Olsen,Mr. Karl Siegwart Andreas,Mr. Karl Siegwart Andreas Olsen,Mr. Karl Siegwart Andreas Olsen (CHE)
"Vande Walle, Mr. Nestor Cyriel",CHE,4.54,5.9,44.4,15.6,97,20.69,41.5,73.0,195.3,78.9,7.16,Vande Walle,Mr. Nestor Cyriel,Mr. Nestor Cyriel Vande Walle,Mr. Nestor Cyriel Vande Walle (CHE)
"Sage, Mr. Frederick",CHE,5.13,5.8,46.1,15.9,110,23.97,50.9,82.0,194.1,90.3,8.77,Sage,Mr. Frederick,Mr. Frederick Sage,Mr. Frederick Sage (CHE)
"Johanson, Mr. Jakob Alfred",CHE,5.0,6.7,45.3,15.7,72,24.64,49.6,79.0,187.9,87.0,9.56,Johanson,Mr. Jakob Alfred,Mr. Jakob Alfred Johanson,Mr. Jakob Alfred Johanson (CHE)
"Youseff, Mr. Gerious",CHE,5.17,8.0,47.9,16.4,36,25.93,88.9,97.0,209.4,113.7,14.53,Youseff,Mr. Gerious,Mr. Gerious Youseff,Mr. Gerious Youseff (CHE)
"Cohen, Mr. Gurshon ""Gus""",CHE,4.89,7.5,41.6,14.4,53,23.69,48.3,90.0,203.4,98.0,8.51,Cohen,Mr. Gurshon Gus,Mr. Gurshon Gus Cohen,Mr. Gurshon Gus Cohen (CHE)
"Backstrom, Mr. Karl Alfred",CHE,4.5,9.2,40.7,13.7,72,25.38,61.8,90.0,198.7,100.2,10.64,Backstrom,Mr. Karl Alfred,Mr. Karl Alfred Backstrom,Mr. Karl Alfred Backstrom (CHE)
"Albimona, Mr. Nassef Cassem",CHE,4.84,8.3,46.3,15.9,39,22.68,43.0,74.0,187.1,79.4,7.06,Albimona,Mr. Nassef Cassem,Mr. Nassef Cassem Albimona,Mr. Nassef Cassem Albimona (CHE)
"Blank, Mr. Henry",CHE,4.13,8.9,40.3,13.5,61,23.36,61.1,82.0,196.6,90.3,8.87,Blank,Mr. Henry,Mr. Henry Blank,Mr. Henry Blank (CHE)
"Ali, Mr. Ahmed",LIV,4.87,7.4,43.5,15.0,49,22.44,43.8,72.0,186.1,77.7,7.88,Ali,Mr. Ahmed,Mr. Ahmed Ali,Mr. Ahmed Ali (LIV)
"Perkin, Mr. John Henry",LIV,4.82,6.4,44.3,14.8,35,22.57,54.2,76.0,192.8,83.9,9.2,Perkin,Mr. John Henry,Mr. John Henry Perkin,Mr. John Henry Perkin (LIV)
"Givard, Mr. Hans Kristensen",LIV,4.73,6.7,42.8,14.9,8,19.81,41.8,70.0,195.2,75.5,7.19,Givard,Mr. Hans Kristensen,Mr. Hans Kristensen Givard,Mr. Hans Kristensen Givard (LIV)
"Kiernan, Mr. Philip",LIV,4.55,5.55,42.6,14.4,106,21.19,34.1,57.0,169.1,60.6,6.06,Kiernan,Mr. Philip,Mr. Philip Kiernan,Mr. Philip Kiernan (LIV)
"Jacobsohn, Mr. Sidney Samuel",LIV,4.71,7.2,43.6,14.0,32,20.39,30.5,67.0,186.6,71.0,5.63,Jacobsohn,Mr. Sidney Samuel,Mr. Sidney Samuel Jacobsohn,Mr. Sidney Samuel Jacobsohn (LIV)
"Harris, Mr. Walter",LIV,4.93,7.3,46.2,15.1,41,21.12,34.0,67.0,184.4,71.8,6.59,Harris,Mr. Walter,Mr. Walter Harris,Mr. Walter Harris (LIV)
"Sunderland, Mr. Victor Francis",LIV,5.21,7.5,47.5,16.5,20,21.89,46.7,70.0,187.3,76.8,9.5,Sunderland,Mr. Victor Francis,Mr. Victor Francis Sunderland,Mr. Victor Francis Sunderland (LIV)
"Bracken, Mr. James H",LIV,5.09,8.9,46.3,15.4,44,29.53875,71.1,88.0,185.1,102.7,13.97,Bracken,Mr. James H,Mr. James H Bracken,Mr. James H Bracken (LIV)
"Green, Mr. George Henry",LIV,5.11,9.6,48.2,16.7,103,27.39,65.9,83.0,185.5,94.25,11.66,Green,Mr. George Henry,Mr. George Henry Green,Mr. George Henry Green (LIV)
"Nenkoff, Mr. Christo",LIV,4.94,6.3,45.7,15.5,50,23.11,34.3,74.0,184.9,79.0,6.43,Nenkoff,Mr. Christo,Mr. Christo Nenkoff,Mr. Christo Nenkoff (LIV)
"Hoyt, Mr. Frederick Maxfield",LIV,4.87,6.3,45.8,16.1,41,21.75,34.6,62.0,175.0,66.6,6.99,Hoyt,Mr. Frederick Maxfield,Mr. Frederick Maxfield Hoyt,Mr. Frederick Maxfield Hoyt (LIV)
"Berglund, Mr. Karl Ivar Sven",LIV,4.41,4.5,44.2,15.0,101,20.89,31.8,67.0,185.4,71.8,6.0,Berglund,Mr. Karl Ivar Sven,Mr. Karl Ivar Sven Berglund,Mr. Karl Ivar Sven Berglund (LIV)
"Mellors, Mr. William John",LIV,4.86,3.9,44.9,15.4,73,22.83,34.5,70.0,181.0,74.8,6.56,Mellors,Mr. William John,Mr. William John Mellors,Mr. William John Mellors (LIV)
"Lovell, Mr. John Hall (""Henry"")",LIV,4.91,9.0,46.3,15.4,56,22.02,31.0,64.0,176.0,68.2,6.03,Lovell,Mr. John Hall Henry,Mr. John Hall Henry Lovell,Mr. John Hall Henry Lovell (LIV)
"Fahlstrom, Mr. Arne Jonas",LIV,4.93,7.3,45.2,15.8,74,20.07,32.6,58.0,176.2,62.3,6.33,Fahlstrom,Mr. Arne Jonas,Mr. Arne Jonas Fahlstrom,Mr. Arne Jonas Fahlstrom (LIV)
"Larsson, Mr. Bengt Edvin",LIV,4.2,4.5,41.2,14.3,58,20.15,31.5,57.0,174.0,61.0,6.82,Larsson,Mr. Bengt Edvin,Mr. Bengt Edvin Larsson,Mr. Bengt Edvin Larsson (LIV)
"Sjostedt, Mr. Ernst Adolf",LIV,5.1,6.1,45.3,14.9,87,21.24,32.6,73.0,191.0,77.5,6.2,Sjostedt,Mr. Ernst Adolf,Mr. Ernst Adolf Sjostedt,Mr. Ernst Adolf Sjostedt (LIV)
"Leyson, Mr. Robert William Norman",LIV,4.5,6.1,42.2,14.7,139,19.63,31.0,54.0,171.0,57.4,5.93,Leyson,Mr. Robert William Norman,Mr. Robert William Norman Leyson,Mr. Robert William Norman Leyson (LIV)
"Hold, Mr. Stephen",LIV,4.89,5.8,45.5,15.6,82,23.58,28.0,67.0,174.0,71.4,5.8,Hold,Mr. Stephen,Mr. Stephen Hold,Mr. Stephen Hold (LIV)
"Pengelly, Mr. Frederick William",LIV,5.13,4.0,44.1,15.2,87,21.65,33.7,66.0,180.2,70.3,6.56,Pengelly,Mr. Frederick William,Mr. Frederick William Pengelly,Mr. Frederick William Pengelly (LIV)
"Hunt, Mr. George Henry",LIV,4.88,4.3,45.6,15.5,80,25.17,30.3,75.0,178.5,80.2,6.76,Hunt,Mr. George Henry,Mr. George Henry Hunt,Mr. George Henry Hunt (LIV)
"Coleridge, Mr. Reginald Charles",LIV,5.0,8.2,46.8,14.7,67,23.25,38.0,78.0,190.3,84.2,7.22,Coleridge,Mr. Reginald Charles,Mr. Reginald Charles Coleridge,Mr. Reginald Charles Coleridge (LIV)
"Maenpaa, Mr. Matti Alexanteri",LIV,5.48,4.6,49.4,18.0,132,29.53875,55.7,102.0,185.0,111.3,8.51,Maenpaa,Mr. Matti Alexanteri,Mr. Matti Alexanteri Maenpaa,Mr. Matti Alexanteri Maenpaa (LIV)
"Attalah, Mr. Sleiman",LIV,5.93,6.4,49.1,16.1,43,22.59,37.5,74.0,189.0,80.7,7.72,Attalah,Mr. Sleiman,Mr. Sleiman Attalah,Mr. Sleiman Attalah (LIV)
"Minahan, Dr. William Edward",LIV,5.01,8.9,46.0,15.9,212,29.53875,112.5,78.0,180.1,97.9,19.94,Minahan,Dr. William Edward,Dr. William Edward Minahan,Dr. William Edward Minahan (LIV)
"Beckwith, Mr. Richard Leonard",LIV,5.48,6.2,48.2,16.3,94,29.53875,82.7,106.0,189.2,123.2,13.91,Beckwith,Mr. Richard Leonard,Mr. Richard Leonard Beckwith,Mr. Richard Leonard Beckwith (LIV)
"Carter, Rev. Ernest Courtenay",LIV,5.16,8.4,44.4,15.5,213,21.86,29.7,68.0,182.6,72.9,6.1,Carter,Rev. Ernest Courtenay,Rev. Ernest Courtenay Carter,Rev. Ernest Courtenay Carter (LIV)
"Reed, Mr. James George",LIV,4.64,9.0,42.9,14.9,122,23.99,38.9,77.0,186.0,83.0,7.52,Reed,Mr. James George,Mr. James George Reed,Mr. James George Reed (LIV)
"Lobb, Mr. William Arthur",LIV,4.83,6.6,43.8,14.3,53,21.68,30.9,66.0,180.6,70.7,6.06,Lobb,Mr. William Arthur,Mr. William Arthur Lobb,Mr. William Arthur Lobb (LIV)
"Smith, Mr. Thomas",LIV,5.34,7.6,48.3,16.2,91,21.04,44.0,62.0,178.6,67.1,7.35,Smith,Mr. Thomas,Mr. Thomas Smith,Mr. Thomas Smith (LIV)
"Asplund, Master. Edvin Rojj Felix",LIV,5.13,4.6,45.3,16.8,36,23.12,37.5,65.0,173.0,69.2,6.0,Asplund,Master. Edvin Rojj Felix,Master. Edvin Rojj Felix Asplund,Master. Edvin Rojj Felix Asplund (LIV)
"Taussig, Mr. Emil",LIV,4.68,4.8,43.0,14.8,101,20.76,37.6,62.0,179.7,67.05,6.92,Taussig,Mr. Emil,Mr. Emil Taussig,Mr. Emil Taussig (LIV)
"Harrison, Mr. William",LIV,5.0,5.2,45.1,15.1,184,23.13,31.7,66.0,174.6,70.5,6.33,Harrison,Mr. William,Mr. William Harrison,Mr. William Harrison (LIV)
"Reeves, Mr. David",LIV,4.99,7.2,41.4,14.9,44,22.35,36.6,67.0,178.0,70.8,5.9,Reeves,Mr. David,Mr. David Reeves,Mr. David Reeves (LIV)
"Panula, Mr. Ernesti Arvid",LIV,5.49,5.9,47.7,15.9,66,22.28,48.0,65.0,178.5,71.0,8.84,Panula,Mr. Ernesti Arvid,Mr. Ernesti Arvid Panula,Mr. Ernesti Arvid Panula (LIV)
"Persson, Mr. Ernst Ulrik",LIV,5.59,7.9,49.7,17.2,220,23.55,41.9,63.0,171.3,69.1,8.94,Persson,Mr. Ernst Ulrik,Mr. Ernst Ulrik Persson,Mr. Ernst Ulrik Persson (LIV)
"Cairns, Mr. Alexander",LIV,5.03,6.6,44.7,15.9,191,19.85,30.9,59.0,178.0,62.9,6.53,Cairns,Mr. Alexander,Mr. Alexander Cairns,Mr. Alexander Cairns (LIV)
"Tornquist, Mr. William Henry",LIV,5.5,6.4,48.1,16.5,40,26.51,52.8,86.0,189.1,94.8,9.4,Tornquist,Mr. William Henry,Mr. William Henry Tornquist,Mr. William Henry Tornquist (LIV)
"Natsch, Mr. Charles H",LIV,5.11,9.3,45.4,15.8,189,24.78,43.2,87.0,195.4,94.6,8.18,Natsch,Mr. Charles H,Mr. Charles H Natsch,Mr. Charles H Natsch (LIV)
"Parkes, Mr. Francis ""Frank""",LIV,4.96,8.3,45.3,15.7,141,29.53875,113.5,89.0,179.1,108.2,17.41,Parkes,Mr. Francis Frank,Mr. Francis Frank Parkes,Mr. Francis Frank Parkes (LIV)
"Rice, Master. Eric",LIV,5.01,8.9,46.0,15.9,212,29.53875,96.9,80.0,180.1,97.9,18.08,Rice,Master. Eric,Master. Eric Rice,Master. Eric Rice (LIV)
"Duane, Mr. Frank",LIV,5.11,8.7,46.5,16.3,97,23.31,49.3,68.0,179.6,75.2,9.86,Duane,Mr. Frank,Mr. Frank Duane,Mr. Frank Duane (LIV)
"Olsson, Mr. Nils Johan Goransson",LIV,5.69,10.8,50.5,18.5,53,24.51,42.3,69.0,174.7,74.8,7.29,Olsson,Mr. Nils Johan Goransson,Mr. Nils Johan Goransson Olsson,Mr. Nils Johan Goransson Olsson (LIV)
"de Pelsmaeker, Mr. Alfons",LIV,4.63,9.1,42.1,14.4,126,25.37,96.3,77.0,192.7,94.2,18.72,de Pelsmaeker,Mr. Alfons,Mr. Alfons de Pelsmaeker,Mr. Alfons de Pelsmaeker (LIV)
"Dorking, Mr. Edward Arthur",LIV,4.91,10.2,45.0,15.2,234,23.67,56.5,68.0,179.3,76.1,10.12,Dorking,Mr. Edward Arthur,Mr. Edward Arthur Dorking,Mr. Edward Arthur Dorking (LIV)
"Smith, Mr. Richard William",LIV,4.95,7.5,44.5,15.0,50,24.28,105.7,77.0,197.5,94.7,19.17,Smith,Mr. Richard William,Mr. Richard William Smith,Mr. Richard William Smith (LIV)
"Rice, Master. Arthur",LIV,5.34,10.0,46.8,16.2,94,25.82,100.7,71.0,182.7,86.2,17.24,Rice,Master. Arthur,Master. Arthur Rice,Master. Arthur Rice (LIV)
"Rice, Master. Eric",LIV,5.16,12.9,47.6,15.6,156,21.93,56.8,72.0,190.5,79.6,9.89,Rice,Master. Eric,Master. Eric Rice,Master. Eric Rice (LIV)
"Rice, Master. Eugene",LIV,5.29,12.7,48.0,16.2,124,23.38,75.9,74.0,191.0,85.3,13.06,Rice,Master. Eugene,Master. Eugene Rice,Master. Eugene Rice (LIV)
"Rice, Master. George Hugh",LIV,5.02,6.1,43.6,14.8,87,23.07,52.8,68.0,179.6,74.4,8.84,Rice,Master. George Hugh,Master. George Hugh Rice,Master. George Hugh Rice (LIV)
"Rintamaki, Mr. Matti",LIV,5.01,9.8,46.5,15.8,97,25.21,47.8,85.0,192.6,93.5,8.87,Rintamaki,Mr. Matti,Mr. Matti Rintamaki,Mr. Matti Rintamaki (LIV)
"Risien, Mr. Samuel Beard",LIV,5.03,7.5,43.6,14.4,102,23.25,76.0,75.0,194.1,87.6,14.69,Risien,Mr. Samuel Beard,Mr. Samuel Beard Risien,Mr. Samuel Beard Risien (LIV)
"Robins, Mr. Alexander A",LIV,5.25,7.4,47.3,15.8,55,22.93,61.2,78.0,193.0,85.4,8.64,Robins,Mr. Alexander A,Mr. Alexander A Robins,Mr. Alexander A Robins (LIV)
"Rogers, Mr. William John",LIV,5.08,8.5,46.3,15.6,117,26.86,75.6,86.0,193.9,101.0,14.98,Rogers,Mr. William John,Mr. William John Rogers,Mr. William John Rogers (LIV)
"Rommetvedt, Mr. Knud Paust",LIV,5.04,6.0,45.9,15.0,52,21.26,43.3,69.0,187.7,74.9,7.82,Rommetvedt,Mr. Knud Paust,Mr. Knud Paust Rommetvedt,Mr. Knud Paust Rommetvedt (LIV)
"Rosblom, Mr. Viktor Richard",LIV,4.63,14.3,44.8,15.0,133,25.43,49.5,79.0,185.3,87.3,8.97,Rosblom,Mr. Viktor Richard,Mr. Viktor Richard Rosblom,Mr. Viktor Richard Rosblom (LIV)
"Rouse, Mr. Richard Henry",LIV,5.11,7.0,47.7,15.8,214,24.54,70.0,80.0,191.5,90.0,11.63,Rouse,Mr. Richard Henry,Mr. Richard Henry Rouse,Mr. Richard Henry Rouse (LIV)
"Rush, Mr. Alfred George John",LIV,5.34,6.2,49.8,17.2,143,27.79,75.7,82.0,184.6,94.7,13.49,Rush,Mr. Alfred George John,Mr. Alfred George John Rush,Mr. Alfred George John Rush (LIV)
"Ryan, Mr. Edward",LIV,4.86,8.9,46.9,15.8,65,23.58,57.7,68.0,179.9,76.3,10.25,Ryan,Mr. Edward,Mr. Edward Ryan,Mr. Edward Ryan (LIV)
"Ryan, Mr. Patrick",LIV,4.9,7.6,45.6,16.0,90,27.56,67.2,82.0,183.9,93.2,11.79,Ryan,Mr. Patrick,Mr. Patrick Ryan,Mr. Patrick Ryan (LIV)
"Saad, Mr. Amin",LIV,5.66,8.3,50.2,17.7,38,23.76,56.5,72.0,183.5,80.0,10.05,Saad,Mr. Amin,Mr. Amin Saad,Mr. Amin Saad (LIV)
"Saad, Mr. Khalil",LIV,5.03,6.4,42.7,14.3,122,22.01,47.6,68.0,183.1,73.8,8.51,Saad,Mr. Khalil,Mr. Khalil Saad,Mr. Khalil Saad (LIV)
"Saade, Mr. Jean Nassr",LIV,4.97,8.8,43.0,14.9,233,22.34,60.4,63.0,178.4,71.1,11.5,Saade,Mr. Jean Nassr,Mr. Jean Nassr Saade,Mr. Jean Nassr Saade (LIV)
"Sadlier, Mr. Matthew",LIV,5.38,6.3,46.0,15.7,32,21.07,34.9,72.0,190.8,76.7,6.26,Sadlier,Mr. Matthew,Mr. Matthew Sadlier,Mr. Matthew Sadlier (LIV)
